--------------------------------------------------------
--  파일이 생성됨 - 화요일-12월-09-2025   
--------------------------------------------------------
--------------------------------------------------------
--  DDL for Table LIB_RESERVATIONS
--------------------------------------------------------

  CREATE TABLE "SYSTEM"."LIB_RESERVATIONS" 
   (	"RESVNO" NUMBER, 
	"USERID" VARCHAR2(50 BYTE), 
	"SEATNO" NUMBER, 
	"RESVDATE" DATE, 
	"START_HOUR" NUMBER(2,0), 
	"END_HOUR" NUMBER(2,0), 
	"RESVTIME" DATE DEFAULT SYSDATE, 
	"TOTALPRICE" NUMBER, 
	"RESVSTATUS" VARCHAR2(20 BYTE) DEFAULT 'CONFIRMED' -- 'CONFIRMED', 'CANCELLED', 'COMPLETED'

   ) PCTFREE 10 PCTUSED 40 INITRANS 1 MAXTRANS 255 
 NOCOMPRESS LOGGING
  STORAGE(INITIAL 65536 NEXT 1048576 MINEXTENTS 1 MAXEXTENTS 2147483645
  PCTINCREASE 0 FREELISTS 1 FREELIST GROUPS 1
  BUFFER_POOL DEFAULT FLASH_CACHE DEFAULT CELL_FLASH_CACHE DEFAULT)
  TABLESPACE "SYSTEM" ;
--------------------------------------------------------
--  DDL for Table LIB_SEAT_TYPES
--------------------------------------------------------

  CREATE TABLE "SYSTEM"."LIB_SEAT_TYPES" 
   (	"TYPENO" NUMBER, 
	"TYPENAME" VARCHAR2(50 BYTE), 
	"PRICE" NUMBER, 
	"DESCRIPTION" VARCHAR2(200 BYTE)
   ) PCTFREE 10 PCTUSED 40 INITRANS 1 MAXTRANS 255 
 NOCOMPRESS LOGGING
  STORAGE(INITIAL 65536 NEXT 1048576 MINEXTENTS 1 MAXEXTENTS 2147483645
  PCTINCREASE 0 FREELISTS 1 FREELIST GROUPS 1
  BUFFER_POOL DEFAULT FLASH_CACHE DEFAULT CELL_FLASH_CACHE DEFAULT)
  TABLESPACE "SYSTEM" ;
--------------------------------------------------------
--  DDL for Table LIB_SEATS
--------------------------------------------------------

  CREATE TABLE "SYSTEM"."LIB_SEATS" 
   (	"SEATNO" NUMBER, 
	"TYPENO" NUMBER, 
	"CAPACITY" NUMBER DEFAULT 1, 
	"SEATSTATUS" VARCHAR2(20 BYTE) DEFAULT 'AVAILABLE', 
	"LOCATION" VARCHAR2(20 BYTE), 
	"SEAT_NOTES" VARCHAR2(200 BYTE)
   ) PCTFREE 10 PCTUSED 40 INITRANS 1 MAXTRANS 255 
 NOCOMPRESS LOGGING
  STORAGE(INITIAL 65536 NEXT 1048576 MINEXTENTS 1 MAXEXTENTS 2147483645
  PCTINCREASE 0 FREELISTS 1 FREELIST GROUPS 1
  BUFFER_POOL DEFAULT FLASH_CACHE DEFAULT CELL_FLASH_CACHE DEFAULT)
  TABLESPACE "SYSTEM" ;
--------------------------------------------------------
--  DDL for Table LIB_USERS
--------------------------------------------------------

  CREATE TABLE "SYSTEM"."LIB_USERS" 
   (	"USERID" VARCHAR2(50 BYTE), 
	"PASSWORD" VARCHAR2(100 BYTE), 
	"NAME" VARCHAR2(50 BYTE), 
	"EMAIL" VARCHAR2(100 BYTE), 
	"PHONE" VARCHAR2(50 BYTE), 
	"ADDRESS" VARCHAR2(200 BYTE)
   ) PCTFREE 10 PCTUSED 40 INITRANS 1 MAXTRANS 255 
 NOCOMPRESS LOGGING
  STORAGE(INITIAL 65536 NEXT 1048576 MINEXTENTS 1 MAXEXTENTS 2147483645
  PCTINCREASE 0 FREELISTS 1 FREELIST GROUPS 1
  BUFFER_POOL DEFAULT FLASH_CACHE DEFAULT CELL_FLASH_CACHE DEFAULT)
  TABLESPACE "SYSTEM" ;
REM INSERTING into SYSTEM.LIB_RESERVATIONS
SET DEFINE OFF;
Insert into SYSTEM.LIB_RESERVATIONS (RESVNO,USERID,SEATNO,RESVDATE,START_HOUR,END_HOUR,RESVTIME,TOTALPRICE,RESVSTATUS) values (1,'user123',11,to_date('25/09/16','RR/MM/DD'),13,20,to_date('25/09/14','RR/MM/DD'),0,'CONFIRMED');
Insert into SYSTEM.LIB_RESERVATIONS (RESVNO,USERID,SEATNO,RESVDATE,START_HOUR,END_HOUR,RESVTIME,TOTALPRICE,RESVSTATUS) values (2,'user123',1,to_date('25/09/14','RR/MM/DD'),20,22,to_date('25/09/15','RR/MM/DD'),0,'CONFIRMED');
Insert into SYSTEM.LIB_RESERVATIONS (RESVNO,USERID,SEATNO,RESVDATE,START_HOUR,END_HOUR,RESVTIME,TOTALPRICE,RESVSTATUS) values (3,'user123',18,to_date('25/09/14','RR/MM/DD'),21,22,to_date('25/09/15','RR/MM/DD'),0,'CONFIRMED');
Insert into SYSTEM.LIB_RESERVATIONS (RESVNO,USERID,SEATNO,RESVDATE,START_HOUR,END_HOUR,RESVTIME,TOTALPRICE,RESVSTATUS) values (4,'user123',1,to_date('25/09/16','RR/MM/DD'),13,20,to_date('25/09/15','RR/MM/DD'),0,'CONFIRMED');
Insert into SYSTEM.LIB_RESERVATIONS (RESVNO,USERID,SEATNO,RESVDATE,START_HOUR,END_HOUR,RESVTIME,TOTALPRICE,RESVSTATUS) values (5,'test123',2,to_date('25/09/14','RR/MM/DD'),9,22,to_date('25/09/15','RR/MM/DD'),13000,'CONFIRMED');
Insert into SYSTEM.LIB_RESERVATIONS (RESVNO,USERID,SEATNO,RESVDATE,START_HOUR,END_HOUR,RESVTIME,TOTALPRICE,RESVSTATUS) values (6,'test123',9,to_date('25/09/19','RR/MM/DD'),19,21,to_date('25/09/18','RR/MM/DD'),4000,'CONFIRMED');
Insert into SYSTEM.LIB_RESERVATIONS (RESVNO,USERID,SEATNO,RESVDATE,START_HOUR,END_HOUR,RESVTIME,TOTALPRICE,RESVSTATUS) values (7,'samjang7',12,to_date('25/09/19','RR/MM/DD'),15,19,to_date('25/09/18','RR/MM/DD'),6000,'CONFIRMED');
Insert into SYSTEM.LIB_RESERVATIONS (RESVNO,USERID,SEATNO,RESVDATE,START_HOUR,END_HOUR,RESVTIME,TOTALPRICE,RESVSTATUS) values (8,'test123',18,to_date('25/12/09','RR/MM/DD'),11,14,to_date('25/12/08','RR/MM/DD'),3000,'CANCELED');
REM INSERTING into SYSTEM.LIB_SEAT_TYPES
SET DEFINE OFF;
Insert into SYSTEM.LIB_SEAT_TYPES (TYPENO,TYPENAME,PRICE,DESCRIPTION) values (1,'일반석',1000,'기본 좌석으로 조용한 학습 환경을 제공합니다.');
Insert into SYSTEM.LIB_SEAT_TYPES (TYPENO,TYPENAME,PRICE,DESCRIPTION) values (2,'1인실',2000,'개인 공간이 보장되는 독립된 1인 전용 공간입니다.');
Insert into SYSTEM.LIB_SEAT_TYPES (TYPENO,TYPENAME,PRICE,DESCRIPTION) values (3,'그룹실',3000,'여러 명이 함께 이용할 수 있는 공간으로, 토론과 협업에 적합합니다.');
Insert into SYSTEM.LIB_SEAT_TYPES (TYPENO,TYPENAME,PRICE,DESCRIPTION) values (4,'노트북석',1500,'노트북 사용에 최적화된 좌석으로 콘센트가 제공됩니다.');
REM INSERTING into SYSTEM.LIB_SEATS
SET DEFINE OFF;
Insert into SYSTEM.LIB_SEATS (SEATNO,TYPENO,CAPACITY,SEATSTATUS,LOCATION,SEAT_NOTES) values (1,1,1,'AVAILABLE','A1','안쪽 좌측 구역');
Insert into SYSTEM.LIB_SEATS (SEATNO,TYPENO,CAPACITY,SEATSTATUS,LOCATION,SEAT_NOTES) values (2,1,1,'AVAILABLE','A2','안쪽 좌측 구역');
Insert into SYSTEM.LIB_SEATS (SEATNO,TYPENO,CAPACITY,SEATSTATUS,LOCATION,SEAT_NOTES) values (3,1,1,'AVAILABLE','A3','안쪽 좌측 구역');
Insert into SYSTEM.LIB_SEATS (SEATNO,TYPENO,CAPACITY,SEATSTATUS,LOCATION,SEAT_NOTES) values (4,1,1,'AVAILABLE','B1','휴게실 옆 구역');
Insert into SYSTEM.LIB_SEATS (SEATNO,TYPENO,CAPACITY,SEATSTATUS,LOCATION,SEAT_NOTES) values (5,1,1,'AVAILABLE','B2','휴게실 옆 구역');
Insert into SYSTEM.LIB_SEATS (SEATNO,TYPENO,CAPACITY,SEATSTATUS,LOCATION,SEAT_NOTES) values (6,1,1,'AVAILABLE','B3','휴게실 옆 구역');
Insert into SYSTEM.LIB_SEATS (SEATNO,TYPENO,CAPACITY,SEATSTATUS,LOCATION,SEAT_NOTES) values (7,2,1,'AVAILABLE','C1','출입문 옆 구역');
Insert into SYSTEM.LIB_SEATS (SEATNO,TYPENO,CAPACITY,SEATSTATUS,LOCATION,SEAT_NOTES) values (8,2,1,'AVAILABLE','C2','출입문 옆 구역');
Insert into SYSTEM.LIB_SEATS (SEATNO,TYPENO,CAPACITY,SEATSTATUS,LOCATION,SEAT_NOTES) values (9,2,1,'AVAILABLE','C3','출입문 옆 구역');
Insert into SYSTEM.LIB_SEATS (SEATNO,TYPENO,CAPACITY,SEATSTATUS,LOCATION,SEAT_NOTES) values (10,3,6,'AVAILABLE','GR1','안쪽 우측 구역');
Insert into SYSTEM.LIB_SEATS (SEATNO,TYPENO,CAPACITY,SEATSTATUS,LOCATION,SEAT_NOTES) values (11,3,4,'AVAILABLE','GR2','안쪽 우측 구역');
Insert into SYSTEM.LIB_SEATS (SEATNO,TYPENO,CAPACITY,SEATSTATUS,LOCATION,SEAT_NOTES) values (12,4,1,'AVAILABLE','N1','중앙 우측 구역');
Insert into SYSTEM.LIB_SEATS (SEATNO,TYPENO,CAPACITY,SEATSTATUS,LOCATION,SEAT_NOTES) values (13,4,1,'AVAILABLE','N2','중앙 우측 구역');
Insert into SYSTEM.LIB_SEATS (SEATNO,TYPENO,CAPACITY,SEATSTATUS,LOCATION,SEAT_NOTES) values (14,4,1,'AVAILABLE','N3','중앙 우측 구역');
Insert into SYSTEM.LIB_SEATS (SEATNO,TYPENO,CAPACITY,SEATSTATUS,LOCATION,SEAT_NOTES) values (15,4,1,'AVAILABLE','N4','중앙 우측 구역');
Insert into SYSTEM.LIB_SEATS (SEATNO,TYPENO,CAPACITY,SEATSTATUS,LOCATION,SEAT_NOTES) values (16,1,1,'AVAILABLE','A4','안쪽 좌측 구역');
Insert into SYSTEM.LIB_SEATS (SEATNO,TYPENO,CAPACITY,SEATSTATUS,LOCATION,SEAT_NOTES) values (17,1,1,'AVAILABLE','A5','안쪽 좌측 구역');
Insert into SYSTEM.LIB_SEATS (SEATNO,TYPENO,CAPACITY,SEATSTATUS,LOCATION,SEAT_NOTES) values (18,1,1,'AVAILABLE','A6','안쪽 좌측 구역');
Insert into SYSTEM.LIB_SEATS (SEATNO,TYPENO,CAPACITY,SEATSTATUS,LOCATION,SEAT_NOTES) values (19,1,1,'AVAILABLE','B4','휴게실 옆 구역');
REM INSERTING into SYSTEM.LIB_USERS
SET DEFINE OFF;
Insert into SYSTEM.LIB_USERS (USERID,PASSWORD,NAME,EMAIL,PHONE,ADDRESS) values ('test123','pwd123','테스트','test@lib.com','010-1234-5678',null);
Insert into SYSTEM.LIB_USERS (USERID,PASSWORD,NAME,EMAIL,PHONE,ADDRESS) values ('nara5','ip0pf7eo','오나라','nara@naver.com','010-4567-8956',null);
Insert into SYSTEM.LIB_USERS (USERID,PASSWORD,NAME,EMAIL,PHONE,ADDRESS) values ('samjang7','zcc789','임세현','sam123@gmail.com','032-789-5689',null);
Insert into SYSTEM.LIB_USERS (USERID,PASSWORD,NAME,EMAIL,PHONE,ADDRESS) values ('star123','ytu741','안은수','ssstar@daum.net','010-9999-6566',null);
Insert into SYSTEM.LIB_USERS (USERID,PASSWORD,NAME,EMAIL,PHONE,ADDRESS) values ('wooya2702','jkl963','김재수','yayaya@naver.com','010-2323-4949',null);
Insert into SYSTEM.LIB_USERS (USERID,PASSWORD,NAME,EMAIL,PHONE,ADDRESS) values ('bongo','567asd','허우','herher@gmail.com','010-4986-5656',null);
Insert into SYSTEM.LIB_USERS (USERID,PASSWORD,NAME,EMAIL,PHONE,ADDRESS) values ('asdf14','zko541bt','qwe','asdf@naver.com','01056568989',null);
--------------------------------------------------------
--  DDL for Index SYS_C008419
--------------------------------------------------------

  CREATE UNIQUE INDEX "SYSTEM"."SYS_C008419" ON "SYSTEM"."LIB_RESERVATIONS" ("RESVNO") 
  PCTFREE 10 INITRANS 2 MAXTRANS 255 COMPUTE STATISTICS 
  STORAGE(INITIAL 65536 NEXT 1048576 MINEXTENTS 1 MAXEXTENTS 2147483645
  PCTINCREASE 0 FREELISTS 1 FREELIST GROUPS 1
  BUFFER_POOL DEFAULT FLASH_CACHE DEFAULT CELL_FLASH_CACHE DEFAULT)
  TABLESPACE "SYSTEM" ;
--------------------------------------------------------
--  DDL for Index SYS_C008412
--------------------------------------------------------

  CREATE UNIQUE INDEX "SYSTEM"."SYS_C008412" ON "SYSTEM"."LIB_SEAT_TYPES" ("TYPENO") 
  PCTFREE 10 INITRANS 2 MAXTRANS 255 COMPUTE STATISTICS 
  STORAGE(INITIAL 65536 NEXT 1048576 MINEXTENTS 1 MAXEXTENTS 2147483645
  PCTINCREASE 0 FREELISTS 1 FREELIST GROUPS 1
  BUFFER_POOL DEFAULT FLASH_CACHE DEFAULT CELL_FLASH_CACHE DEFAULT)
  TABLESPACE "SYSTEM" ;
--------------------------------------------------------
--  DDL for Index SYS_C008414
--------------------------------------------------------

  CREATE UNIQUE INDEX "SYSTEM"."SYS_C008414" ON "SYSTEM"."LIB_SEATS" ("SEATNO") 
  PCTFREE 10 INITRANS 2 MAXTRANS 255 COMPUTE STATISTICS 
  STORAGE(INITIAL 65536 NEXT 1048576 MINEXTENTS 1 MAXEXTENTS 2147483645
  PCTINCREASE 0 FREELISTS 1 FREELIST GROUPS 1
  BUFFER_POOL DEFAULT FLASH_CACHE DEFAULT CELL_FLASH_CACHE DEFAULT)
  TABLESPACE "SYSTEM" ;
--------------------------------------------------------
--  DDL for Index SYS_C008404
--------------------------------------------------------

  CREATE UNIQUE INDEX "SYSTEM"."SYS_C008404" ON "SYSTEM"."LIB_USERS" ("USERID") 
  PCTFREE 10 INITRANS 2 MAXTRANS 255 COMPUTE STATISTICS 
  STORAGE(INITIAL 65536 NEXT 1048576 MINEXTENTS 1 MAXEXTENTS 2147483645
  PCTINCREASE 0 FREELISTS 1 FREELIST GROUPS 1
  BUFFER_POOL DEFAULT FLASH_CACHE DEFAULT CELL_FLASH_CACHE DEFAULT)
  TABLESPACE "SYSTEM" ;
--------------------------------------------------------
--  Constraints for Table LIB_RESERVATIONS
--------------------------------------------------------

  ALTER TABLE "SYSTEM"."LIB_RESERVATIONS" MODIFY ("RESVDATE" NOT NULL ENABLE);
  ALTER TABLE "SYSTEM"."LIB_RESERVATIONS" MODIFY ("START_HOUR" NOT NULL ENABLE);
  ALTER TABLE "SYSTEM"."LIB_RESERVATIONS" MODIFY ("END_HOUR" NOT NULL ENABLE);
  ALTER TABLE "SYSTEM"."LIB_RESERVATIONS" MODIFY ("TOTALPRICE" NOT NULL ENABLE);
  ALTER TABLE "SYSTEM"."LIB_RESERVATIONS" ADD PRIMARY KEY ("RESVNO")
  USING INDEX PCTFREE 10 INITRANS 2 MAXTRANS 255 COMPUTE STATISTICS 
  STORAGE(INITIAL 65536 NEXT 1048576 MINEXTENTS 1 MAXEXTENTS 2147483645
  PCTINCREASE 0 FREELISTS 1 FREELIST GROUPS 1
  BUFFER_POOL DEFAULT FLASH_CACHE DEFAULT CELL_FLASH_CACHE DEFAULT)
  TABLESPACE "SYSTEM"  ENABLE;
--------------------------------------------------------
--  Constraints for Table LIB_SEAT_TYPES
--------------------------------------------------------

  ALTER TABLE "SYSTEM"."LIB_SEAT_TYPES" MODIFY ("TYPENAME" NOT NULL ENABLE);
  ALTER TABLE "SYSTEM"."LIB_SEAT_TYPES" MODIFY ("PRICE" NOT NULL ENABLE);
  ALTER TABLE "SYSTEM"."LIB_SEAT_TYPES" ADD PRIMARY KEY ("TYPENO")
  USING INDEX PCTFREE 10 INITRANS 2 MAXTRANS 255 COMPUTE STATISTICS 
  STORAGE(INITIAL 65536 NEXT 1048576 MINEXTENTS 1 MAXEXTENTS 2147483645
  PCTINCREASE 0 FREELISTS 1 FREELIST GROUPS 1
  BUFFER_POOL DEFAULT FLASH_CACHE DEFAULT CELL_FLASH_CACHE DEFAULT)
  TABLESPACE "SYSTEM"  ENABLE;
--------------------------------------------------------
--  Constraints for Table LIB_SEATS
--------------------------------------------------------

  ALTER TABLE "SYSTEM"."LIB_SEATS" MODIFY ("LOCATION" NOT NULL ENABLE);
  ALTER TABLE "SYSTEM"."LIB_SEATS" ADD PRIMARY KEY ("SEATNO")
  USING INDEX PCTFREE 10 INITRANS 2 MAXTRANS 255 COMPUTE STATISTICS 
  STORAGE(INITIAL 65536 NEXT 1048576 MINEXTENTS 1 MAXEXTENTS 2147483645
  PCTINCREASE 0 FREELISTS 1 FREELIST GROUPS 1
  BUFFER_POOL DEFAULT FLASH_CACHE DEFAULT CELL_FLASH_CACHE DEFAULT)
  TABLESPACE "SYSTEM"  ENABLE;
--------------------------------------------------------
--  Constraints for Table LIB_USERS
--------------------------------------------------------

  ALTER TABLE "SYSTEM"."LIB_USERS" MODIFY ("PASSWORD" NOT NULL ENABLE);
  ALTER TABLE "SYSTEM"."LIB_USERS" MODIFY ("NAME" NOT NULL ENABLE);
  ALTER TABLE "SYSTEM"."LIB_USERS" ADD PRIMARY KEY ("USERID")
  USING INDEX PCTFREE 10 INITRANS 2 MAXTRANS 255 COMPUTE STATISTICS 
  STORAGE(INITIAL 65536 NEXT 1048576 MINEXTENTS 1 MAXEXTENTS 2147483645
  PCTINCREASE 0 FREELISTS 1 FREELIST GROUPS 1
  BUFFER_POOL DEFAULT FLASH_CACHE DEFAULT CELL_FLASH_CACHE DEFAULT)
  TABLESPACE "SYSTEM"  ENABLE;
  ALTER TABLE "SYSTEM"."LIB_USERS" MODIFY ("EMAIL" NOT NULL ENABLE);
  ALTER TABLE "SYSTEM"."LIB_USERS" MODIFY ("PHONE" NOT NULL ENABLE);
